{
  "project_info": {
    "project_number": "407473727632",
    "project_id": "swap-apply",
    "storage_bucket": "swap-apply.appspot.com"
  },
  "client": [
    {
      "client_info": {
        "mobilesdk_app_id": "1:407473727632:android:afd924aa056e37f22c1015",
        "android_client_info": {
          "package_name": "com.example.comunicacionandroid_apirest"
        }
      },
      "oauth_client": [
        {
          "client_id": "407473727632-6u1e0nmaje14ilklls40kdkvacm6mkt8.apps.googleusercontent.com",
          "client_type": 3
        }
      ],
      "api_key": [
        {
          "current_key": "AIzaSyC-h-92XyvY0SPd-yu2OTd7YWnnBso3Dtg"
        }
      ],
      "services": {
        "appinvite_service": {
          "other_platform_oauth_client": [
            {
              "client_id": "407473727632-6u1e0nmaje14ilklls40kdkvacm6mkt8.apps.googleusercontent.com",
              "client_type": 3
            }
          ]
        }
      }
    }
  ],
  "configuration_version": "1"
}